emisor,receptor,monto,date
Honorato Tucker,MacKenzie Horn,703,12/11/2022
Desirae Ramsey,Edan Sharp,9554,25/01/2023
Ivan Gray,Jesse Bernard,9089,23/04/2022
Micah Cantrell,John Fletcher,117,29/04/2022
Scott Huffman,Hillary Wilkinson,5887,29/04/2022
Jerome Gross,Hermione Terrell,5554,27/04/2022
Dean Mcmahon,Chelsea Yang,4699,09/06/2022
Noelle Hull,Uriel Burks,2496,19/01/2023
Shelby Mcclure,Yuli Mclaughlin,5596,01/07/2022
Liberty Ochoa,Nash Chase,2952,13/06/2022
Alyssa Taylor,Hayes Peterson,6528,18/01/2023
Stephen Gillespie,Patricia Charles,202,01/05/2022
Mohammad Wolfe,Rafael Crosby,3485,16/06/2022
Julie Moon,Lawrence Hendricks,1321,31/07/2022
Serina Oneil,Benjamin Williamson,2684,19/08/2022
Amaya Castro,Jamalia Mitchell,9157,21/12/2022
Vivien Bryant,Ray Hansen,7146,31/05/2022
Lev Butler,Meredith Wilder,322,05/01/2023
Quyn Rose,Maggie Lynn,7991,03/09/2022
Shad Frederick,Emery Robbins,9275,22/09/2022
Aidan Fischer,Rudyard Rivera,5789,19/12/2022
Abdul Estes,Branden Bowers,7567,09/08/2022
Michael Newman,Cara Mcmillan,2335,16/06/2022
Devin Talley,Priscilla Simpson,8469,08/06/2022
Oren Blackwell,Yvette Vargas,7839,25/07/2022
Brett Alvarado,Carolyn Bonner,9958,16/06/2022
Adrienne Gamble,Geoffrey Knox,3378,08/07/2022
Neve Witt,Mira Hansen,4062,20/05/2022
Dalton Buchanan,Wynter Owens,7564,26/11/2022
Thaddeus Garrison,Nicholas Hernandez,8178,18/07/2022
Debra Dale,Colton Snider,6109,20/06/2022
Daria Mcdaniel,Callie Cameron,5973,18/12/2022
Alika Griffin,Ciara Oneal,3517,16/11/2022
Denton Zamora,Lewis Hawkins,3277,25/07/2022
Drew Nguyen,Jason Murray,3421,23/11/2022
Raja Phelps,Gregory Gibson,3791,29/11/2022
William Michael,Jelani Howell,5214,20/07/2022
Myles Kline,Amos Rodriguez,4797,07/08/2022
Carolyn Hernandez,Bo Kemp,4814,16/12/2022
Dante Miranda,William Klein,3868,17/08/2022
Aidan Mullins,Connor Gregory,9117,03/11/2022
Joel Meyer,Amela Meadows,2827,20/09/2022
Shea Cross,Melinda Finley,2938,02/08/2022
Josiah Stark,Jael Emerson,6920,14/08/2022
Aquila Ewing,Dalton Blair,4243,07/04/2022
Fredericka Erickson,Dahlia Colon,3902,07/12/2022
Kamal Chambers,Cheyenne Fleming,8194,08/07/2022
Hoyt Bradford,Murphy Lamb,5806,03/12/2022
Kylynn Spencer,Sharon Weber,8212,22/02/2022
Katelyn Foreman,Maile Goff,1825,08/10/2022
Chiquita Bauer,Adrienne James,355,25/11/2022
Bell Myers,Nevada Warren,2815,27/03/2022
Whilemina Melton,Ashton Henson,2521,11/02/2023
Ray Vargas,Maisie Miranda,7109,10/03/2022
Ocean Mcdonald,Dana Acevedo,90,02/08/2022
Xenos Hart,Trevor Ramsey,2228,09/10/2022
Vera Thomas,Hamish Wallace,4260,19/12/2022
Dexter Booker,Seth Dillon,4860,11/05/2022
Rachel Matthews,Angelica Mcclain,9753,29/07/2022
Amaya Christian,Beatrice Trujillo,8145,17/06/2022
Mason Velasquez,Amaya Pollard,4218,18/10/2022
Benedict Warner,Rhoda Cantu,5895,13/04/2022
Yardley Hartman,Aspen Griffin,3848,26/11/2022
Amy Leach,Meghan Estrada,3788,27/12/2022
Orli Alston,Ann Simon,9779,02/02/2023
Raymond Ashley,Kay Calhoun,5091,23/01/2023
Oleg House,Graiden Ellis,1893,04/12/2022
Naida Stevenson,Elton Raymond,9344,03/09/2022
Imani Thomas,Acton Mcgowan,868,17/11/2022
Zelda Skinner,Sopoline Brewer,2498,19/01/2023
Mikayla Bowers,Steel Pacheco,8707,04/04/2022
Vance Dyer,Ferris Clark,8804,09/06/2022
Ashely Decker,Alana Decker,5283,16/06/2022
Xander Blair,Quinn Moss,6507,20/09/2022
Brady Huffman,Xander Mcclure,4526,29/03/2022
Rashad Osborne,Bert Silva,5862,02/06/2022
Jonas York,Quemby Jacobs,4612,25/03/2022
Cleo Vega,Robin Marsh,993,17/06/2022
Jared Cherry,Phelan Mcgee,7764,27/04/2022
Clare Donaldson,Hashim Justice,34,10/10/2022
Melodie Witt,Tarik Savage,6948,24/11/2022
Karly Frost,Adrienne Keith,6220,23/10/2022
Cyrus Owen,Brooke Mcfarland,139,05/01/2023
Stephen Pugh,Gareth Love,1443,22/12/2022
Amena Savage,Frances Lloyd,4528,03/08/2022
Connor Charles,Lisandra Alexander,5825,17/07/2022
Kellie Cunningham,Armando Molina,4827,20/09/2022
Raphael Christian,Demetrius Martin,8168,20/03/2022
Athena Maxwell,Tate Suarez,5734,09/11/2022
Slade Kane,Gregory Buchanan,730,26/09/2022
Joseph Pennington,Bertha Kent,9631,26/10/2022
Elizabeth Casey,Lois Shepherd,9224,24/02/2022
Julie Barrera,Ferdinand James,8768,10/10/2022
Xenos Black,Hillary Reed,36,12/02/2023
Peter Mclean,Victor Kim,6123,22/05/2022
Shafira Vance,Lionel Lang,1804,07/12/2022
Aiko Chase,Kylie Hurley,9777,02/12/2022
Patrick Solomon,Alisa Vang,1823,27/05/2022
Brittany Stark,Denise Cruz,584,10/07/2022
Amena Hobbs,Zahir Buckner,9543,10/02/2023
Hedda Mosley,Kaye Guthrie,724,01/08/2022
Kelsie Molina,Lucy Wilson,7792,04/12/2022
Ruth Conley,Baker Whitehead,974,05/06/2022
Lee Gallagher,Melodie Stevenson,109,16/12/2022
Tanner Robles,Sydnee Curry,8709,02/02/2023
Willow Drake,India Gross,8444,21/09/2022
Edward Wolfe,Carla Malone,3963,01/09/2022
Ethan Reilly,Reuben Bernard,6830,02/05/2022
Adele Randall,Carter Dyer,5468,08/03/2022
Chanda Schmidt,Thomas Sherman,5874,02/07/2022
Wynter Blanchard,Gloria Sanders,1697,04/10/2022
Graham Gilbert,Ivana Donaldson,9068,17/12/2022
Wanda Anthony,Meghan Bean,750,28/02/2022
Zenaida Wilder,Mollie Sexton,9959,11/03/2022
Lee Hale,Steel Stanley,603,26/06/2022
Randall Page,Serena Underwood,5506,26/05/2022
Tanisha Barber,Ronan Scott,1003,13/03/2022
Castor Chang,Mia Evans,4745,17/01/2023
Moses Richard,Yael Weiss,4602,16/03/2022
Phoebe Vincent,Aristotle Mclean,1752,06/08/2022
Dieter Alston,Tatum Davidson,8717,12/07/2022
Sybil Talley,Gail Armstrong,7873,06/09/2022
Teegan Burton,Hollee Dawson,4761,29/12/2022
Tiger Aguirre,Craig Burks,9819,21/11/2022
Cooper Mayer,Tarik Adkins,2184,10/04/2022
Claudia Salazar,Rhona Rosario,9015,16/06/2022
Josephine Bernard,Leilani Allen,5473,28/06/2022
Orli Stafford,Jasper Wall,206,13/10/2022
Deanna Hopkins,Alice Mathis,2438,20/01/2023
Colin Fields,Raymond Gonzalez,6752,19/09/2022
Cyrus Rivera,Finn Robertson,792,17/01/2023
Harper Workman,Colby Harrell,585,01/02/2023
Diana Blake,Holmes Byrd,8375,18/09/2022
Trevor Frank,Guinevere Morgan,1937,22/03/2022
Clare Wilcox,Blythe Kramer,8698,14/10/2022
Matthew Hudson,Veronica Keith,7318,20/04/2022
Griffin Wiley,Aristotle Faulkner,329,05/07/2022
Paloma Greene,Allistair Malone,4025,30/12/2022
Fletcher Monroe,Malachi Levine,5354,04/07/2022
Shaine Webb,Jelani Neal,7737,12/02/2023
Sandra Walls,Rhea Hall,9406,17/10/2022
Nolan Mullen,Valentine Hubbard,6692,09/11/2022
Louis Macdonald,Natalie Hudson,3052,30/01/2023
Anastasia Pugh,Rana Valenzuela,3271,13/12/2022
Aiko Blackburn,Owen Ball,9668,24/08/2022
Melvin Phillips,Alec Case,2654,21/03/2022
Quentin Chandler,Naomi Snow,5371,16/01/2023
Berk Whitney,Wing Sears,5422,21/02/2022
Ainsley Mcfadden,Sheila Ewing,3145,18/03/2022
Theodore Alvarado,Karen Donaldson,1472,20/05/2022
Ivan Barr,Rina Dodson,5876,10/07/2022
Mufutau Norton,Jessamine Shannon,1948,06/01/2023
Medge Chapman,Zia Kline,513,07/01/2023
Boris Schultz,Nola Santos,8225,06/11/2022
Flavia Dunn,Idona Hanson,1380,09/01/2023
Quemby Owens,Kim Mcdaniel,4770,01/03/2022
Vera Spears,Dale Hendricks,3316,24/01/2023
Thane Barrett,Zelda Burch,8614,05/06/2022
Clark Head,Kirestin Franco,1829,16/06/2022
Shelley Franco,Shay Manning,4635,21/09/2022
Maggy Michael,Helen Carroll,8902,03/06/2022
Jordan Goff,Donovan Mckay,5984,04/11/2022
Eugenia Blevins,Jarrod Christian,3105,25/09/2022
Laith Hoover,Randall Reed,4333,03/03/2022
Nolan Sweet,Murphy Mccormick,8643,09/12/2022
Len Lindsay,Cailin Mayer,474,24/10/2022
Margaret Stevenson,Karleigh Alvarado,4236,24/08/2022
Chadwick Lawrence,Ria Mills,7269,20/05/2022
Raven Wolfe,Kato Cook,1062,29/11/2022
Ezra Rojas,Maia Franco,1331,10/03/2022
Lareina Cooper,Noble Koch,28,03/07/2022
Alexander Jones,Michael Salinas,1556,28/07/2022
Emma Welch,Gay Chapman,4787,03/03/2022
Kyla Garner,Hu Thompson,7429,20/04/2022
Flavia French,Simone Combs,7464,29/01/2023
Darrel Castro,Catherine Cote,7423,09/05/2022
Hashim Sawyer,Candice Hoffman,3081,24/11/2022
Cathleen Ray,Alexa Fischer,9223,30/03/2022
Branden Strickland,Camille Shannon,3731,04/03/2022
Beverly Lowe,Lydia Mckay,8936,22/04/2022
Giacomo Hartman,Cain Rodriquez,8160,16/05/2022
Olga Schneider,Harrison Ferrell,2651,02/05/2022
Dominique Velasquez,Maisie Aguirre,8658,15/03/2022
Lawrence Collier,Akeem Cannon,5875,09/05/2022
Blaze Rogers,Abigail Hood,2380,29/01/2023
Joshua Fitzgerald,Emmanuel Hunter,2491,12/08/2022
Lois Stewart,Yoshi Kirby,3248,18/07/2022
Kyle Conrad,Rylee Wolfe,6545,05/02/2023
Griffin Bishop,Reece Browning,111,19/03/2022
Chase Bray,Lila Crane,6915,30/07/2022
Nathan Lane,Aileen May,9421,17/06/2022
Echo Church,Camilla Petty,6154,31/05/2022
Cullen Duncan,Fiona Perry,9627,26/07/2022
Seth Bender,Jelani Reilly,4458,23/10/2022
Jameson Pollard,Carla Benson,4972,12/05/2022
Phelan Dean,Jakeem Aguilar,3740,26/05/2022
Lillian Gomez,Brynn Greene,2299,12/12/2022
Malcolm Ewing,Stone Bruce,7584,25/11/2022
Lila Sampson,Violet Harvey,4144,26/12/2022
Tallulah Wright,Audrey Reyes,9865,20/12/2022
